-----------------------------------------------------------------------------------------------------------------
-------------------------------------------------INSERTIONS--------------------------------------------------------
-------------------------------------------------------------------------------------------------------------

-----------
DELETE FROM RELACIONES WHERE ID IS NOT NULL;
DELETE FROM CLIENTES WHERE ID IS NOT NULL;
DELETE FROM OPERADORES WHERE ID IS NOT NULL;
DELETE FROM SERVICIOS WHERE ID IS NOT NULL;

DELETE FROM ALOJAMIENTOS WHERE ID IS NOT NULL;
DELETE FROM RESERVAS WHERE ID IS NOT NULL;
DELETE FROM CONTRATOS  WHERE ID IS NOT NULL;

DELETE FROM HABITACIONES_HOTEL  WHERE ID IS NOT NULL;
DELETE FROM HABITACIONES_HOSTAL  WHERE ID IS NOT NULL;
DELETE FROM APARTAMENTOS  WHERE ID IS NOT NULL;
DELETE FROM HABITACIONES_VIV_UNI  WHERE ID IS NOT NULL;
DELETE FROM VIVIENDAS  WHERE ID IS NOT NULL;


DELETE FROM SEGUROS  WHERE ID IS NOT NULL;
DELETE FROM SE_HAN_QUEDADO  WHERE ID_ALOJAMIENTO IS NOT NULL;
DELETE FROM SERVICIOS_ADICIONALES  WHERE ID_RESERVA IS NOT NULL;
DELETE FROM SERVICIOS_OFRECIDOS  WHERE ID_ALOJAMIENTO IS NOT NULL;
DELETE FROM LES_GUSTA  WHERE ID_CLIENTE IS NOT NULL;









----------------------------RELACIONES-----------------------------
-----------------DATA
Insert into RELACIONES(ID,TIPO,CARNET) VALUES('1','ESTUDIANTE','20163692');
Insert into RELACIONES(ID,TIPO,CARNET) VALUES('2','ESTUDIANTE','201418068');
Insert into RELACIONES(ID,TIPO,CARNET) VALUES('3','PROFESOR','24038');


Insert into RELACIONES(ID,TIPO,CARNET) VALUES('4','PADRE ESTUDIANTE','20163692');
Insert into RELACIONES(ID,TIPO) VALUES('5','FENICIA');
Insert into RELACIONES(ID,TIPO) VALUES('6','HOTEL');
Insert into RELACIONES(ID,TIPO) VALUES('7','HOSTAL');
Insert into RELACIONES (ID,TIPO) VALUES('8','ADMININISTRADOR VIVIENDA UNIVERSITARIA');
Insert into RELACIONES(ID,TIPO,CARNET) VALUES('9','PROFESOR','24089');



----------------------OPERADORES----------------------

-----------------DATA
Insert into OPERADORES(ID,TIPO_ID,NOMBRE,CONTACTO,ID_RELACION) VALUES('98247453','CC','CACERES','DIRECCION:CARRERA 69 CALLE169  ','4');
Insert into OPERADORES(ID,TIPO_ID,NOMBRE,CONTACTO,ID_RELACION) VALUES('23582001','CC','EL VECI','DIRECCION:CARRERA 1 CALLE20  ','5');
Insert into OPERADORES(ID,TIPO_ID,NOMBRE,CONTACTO,ID_RELACION) VALUES('4520202','NIT','BOGOTA REAL','DIRECCION:CALLE 19 Y AJA  ','6');
Insert into OPERADORES(ID,TIPO_ID,NOMBRE,CONTACTO,ID_RELACION) VALUES('967202','NIT','MAMBO','DIRECCION:EL CHORRO ','7');

Insert into OPERADORES(ID,TIPO_ID,NOMBRE,CONTACTO,ID_RELACION) VALUES('282345','NIT','CITY U','DIRECCION:CITY U  ','8');
Insert into OPERADORES(ID,TIPO_ID,NOMBRE,CONTACTO,ID_RELACION) VALUES('132456','CC','EDNA','DIRECCION:CALLE 26 Y 7A  ','9');

--------------CLIENTES----------------------

---------DATA
Insert into CLIENTES (ID,TIPO_ID,NOMBRE,CONTACTO,ID_RELACION)  VALUES('1020567','CC','EL DT','DIRECCION:CALLE 173 A, TEL:31158222','1');
Insert into CLIENTES (ID,TIPO_ID,NOMBRE,CONTACTO,ID_RELACION)  VALUES('1101567896','CC','MAICOLSITO','TEL:310267','2');
Insert into CLIENTES (ID,TIPO_ID,NOMBRE,CONTACTO,ID_RELACION)  VALUES('183456','CC','MAURICIO','TEL:310267','3');


------SERVICIOS----------------------------------
Insert into SERVICIOS (ID,NOMBRE,DESCRIPCION,COSTO_ADICIONAL) VALUES ('1','wi-fi','conexion a internet','10000');
Insert into SERVICIOS (ID,NOMBRE,DESCRIPCION,COSTO_ADICIONAL) VALUES ('2','GASEOSA','consumo de bebidas en la habitacion','5000');
Insert into SERVICIOS (ID,NOMBRE,DESCRIPCION,COSTO_ADICIONAL) VALUES ('3','ALmuerzo','almuerzo, valor diario. halp nico','10000');
Insert into SERVICIOS (ID,NOMBRE,DESCRIPCION,COSTO_ADICIONAL) VALUES ('4','lavado de ropa','lavado de ropa:valormensual ','1000000');

--ALOOJAMIENTOS

--HOTEL
Insert into ALOJAMIENTOS(ID,UBICACION,COSTO_BASICO,CAPACIDAD,ID_OPERADOR,TIPO) values('1','en el bog re','85000', '2','4520202','HAB HOTEL');
Insert into ALOJAMIENTOS(ID,UBICACION,COSTO_BASICO,CAPACIDAD,ID_OPERADOR,TIPO) values('2','en el bog re','45000', '1','4520202','HAB HOTEL');
Insert into ALOJAMIENTOS(ID,UBICACION,COSTO_BASICO,CAPACIDAD,ID_OPERADOR,TIPO) values('3','en el bog re','110500', '4','4520202','HAB HOTEL');
---LA PIEZA

Insert into Alojamientos(ID,UBICACION,COSTO_BASICO,CAPACIDAD,ID_OPERADOR,TIPO) values('4','en la primera','450000', '1','23582001','VIVIENDA');

---APARTAMENTO
Insert into ALOJAMIENTOS(ID,UBICACION,COSTO_BASICO,CAPACIDAD,ID_OPERADOR,TIPO) values('5','SANTO DOMINGO','110500', '4','98247453','APARTAMENTO');
--EL HOSTAL
Insert into ALOJAMIENTOS(ID,UBICACION,COSTO_BASICO,CAPACIDAD,ID_OPERADOR,TIPO) values('6','el chorro','15000', '1','967202','HAB HOSTAL');
Insert into ALOJAMIENTOS(ID,UBICACION,COSTO_BASICO,CAPACIDAD,ID_OPERADOR,TIPO) values('7','el chorro','20000', '2','967202','HAB HOSTAL');
--EL CEDIDO
Insert into ALOJAMIENTOS(ID,UBICACION,COSTO_BASICO,CAPACIDAD,ID_OPERADOR,TIPO) values('10','26 Y7','340000','4','132456','VIVIENDA');

----LA UNIVERSITARIA
Insert into ALOJAMIENTOS(ID,UBICACION,COSTO_BASICO,CAPACIDAD,ID_OPERADOR,TIPO) values('8','TORRE1 ','680000', '1','282345','HAB UNIVERSITARIA');
Insert into ALOJAMIENTOS(ID,UBICACION,COSTO_BASICO,CAPACIDAD,ID_OPERADOR,TIPO) values('9','TORRE 2','20000', '1','282345','HAB UNIVERSITARIA');

-----RESERVAS-------------------------
Insert into RESERVAS(ID,NUM_DIAS,FECHA_INICIO,FECHA_FIN,NUM_PERSONAS,COSTO_DEFINITIVO,TIEMPO_OPORTUNO,ID_ALOJAMIENTO,ID_CLIENTE)
values('1','5','30/08/18','04/09/18','2','85000,12','27/08/18','1','1020567');

Insert into RESERVAS(ID,NUM_DIAS,FECHA_INICIO,FECHA_FIN,NUM_PERSONAS,COSTO_DEFINITIVO,TIEMPO_OPORTUNO,ID_ALOJAMIENTO,ID_CLIENTE)
values('2','2','20/10/18','22/10/18','1','45000,12','17/10/18','2','1020567');

Insert into RESERVAS(ID,NUM_DIAS,FECHA_INICIO,FECHA_FIN,NUM_PERSONAS,COSTO_DEFINITIVO,TIEMPO_OPORTUNO,ID_ALOJAMIENTO,ID_CLIENTE)
values('4','30','20/10/18','20/11/18','1','450000','13/10/18','4','1101567896');


Insert into RESERVAS(ID,NUM_DIAS,FECHA_INICIO,FECHA_FIN,NUM_PERSONAS,COSTO_DEFINITIVO,TIEMPO_OPORTUNO,ID_ALOJAMIENTO,ID_CLIENTE)
values('5','3','20/10/18','24/11/18','3','4509000','13/10/18','7','1101567896');


--------------CONTRATOS-----------------------------------
Insert into CONTRATOS(ID,NUM_DIAS,PAGO_ANTICIPADO,INCLUYE_SERVICIOS,INCLUYE_ADMON,FECHA,COSTO_DEFINITIVO,ID_CLIENTE, ID_ALOJAMIENTO)
values('1','30','F','T','F','01/04/18','450000','183456','4');

Insert into CONTRATOS(ID,NUM_DIAS,PAGO_ANTICIPADO,INCLUYE_SERVICIOS,INCLUYE_ADMON,FECHA,COSTO_DEFINITIVO,ID_CLIENTE, ID_ALOJAMIENTO)
values('2','4','T','F','F','01/04/18','4509000','1101567896','7');

-------------------VIVIENDAS----------------------------


Insert into VIVIENDAS(ID,CEDIDO,COMPARTIDO)values('4','F','T'); 

--------------APARTAMENTO------


Insert into APARTAMENTOS(ID,AMOBLADO)values('5','T');
------HAB HOTEL---------------

Insert into HABITACIONES_HOTEL(ID,TIPO_HABITACION) VALUES('1','SEMISUITE');
Insert into HABITACIONES_HOTEL(ID,TIPO_HABITACION) VALUES('2','ESTANDAR');
Insert into HABITACIONES_HOTEL(ID,TIPO_HABITACION) VALUES('3','SUITE');

-----HAB HOSTAL--------------------
Insert into HABITACIONES_HOSTAL(ID,HORARIO_APERTURA,HORARIO_CIERRE,COMPARTIDA) VALUES('6',NULL,NULL,'F');
Insert into HABITACIONES_HOSTAL(ID,HORARIO_APERTURA,HORARIO_CIERRE,COMPARTIDA) VALUES('7', to_date('1999/01/01:9:00:00AM', 'yyyy/mm/dd:hh:mi:ssam'),to_date('1999/01/01:6:00:00pM', 'yyyy/mm/dd:hh:mi:ssam'),'T');


-----------VIVIENDA UNIVERSITARIA--------------------------------


Insert into HABITACIONES_VIV_UNI(ID,DURACION_DE_HAB) VALUES('8','1');
Insert into HABITACIONES_VIV_UNI(ID,DURACION_DE_HAB) VALUES('9','180');
------------SEGUROS---------------------------------

Insert into SEGUROS(ID,VALOR,ID_CONTRATO) VALUES('1','3900000','2');

-----------SE HAN QUEDADO---------
Insert into SE_HAN_QUEDADO (ID_ALOJAMIENTO,ID_CLIENTE) values('9','183456');
------LES GUSTA

Insert into LES_GUSTA (ID_SERVICIO,ID_CLIENTE) values('2','183456');

---------SERVICIOS OFRECIDOS----
Insert into SERVICIOS_OFRECIDOS (ID_ALOJAMIENTO,ID_SERVICIO) values('8','4');


-----------SERVICIOS ADICIONALES---------------------------------

Insert into SERVICIOS_ADICIONALES(ID_RESERVA, ID_SERVICIO) VALUES('4','3');





