-----------------------------------------------------------------------------------------------------------------
-------------------------------------------------INSERTIONS--------------------------------------------------------
-------------------------------------------------------------------------------------------------------------

-----------
DELETE FROM RELACIONES WHERE ID IS NOT NULL;
DELETE FROM CLIENTES WHERE ID IS NOT NULL;
DELETE FROM OPERADORES WHERE ID IS NOT NULL;
DELETE FROM SERVICIOS WHERE ID IS NOT NULL;

DELETE FROM ALOJAMIENTOS WHERE ID IS NOT NULL;
DELETE FROM RESERVAS WHERE ID IS NOT NULL;
DELETE FROM CONTRATOS  WHERE ID IS NOT NULL;

DELETE FROM HABITACIONES_HOTEL  WHERE ID IS NOT NULL;
DELETE FROM HABITACIONES_HOSTAL  WHERE ID IS NOT NULL;
DELETE FROM APARTAMENTOS  WHERE ID IS NOT NULL;
DELETE FROM HABITACIONES_VIV_UNI  WHERE ID IS NOT NULL;
DELETE FROM VIVIENDAS  WHERE ID IS NOT NULL;


DELETE FROM SEGUROS  WHERE ID IS NOT NULL;
DELETE FROM SE_HAN_QUEDADO  WHERE ID_ALOJAMIENTO IS NOT NULL;
DELETE FROM SERVICIOS_ADICIONALES  WHERE ID_RESERVA IS NOT NULL;
DELETE FROM SERVICIOS_OFRECIDOS  WHERE ID_ALOJAMIENTO IS NOT NULL;
DELETE FROM LES_GUSTA  WHERE ID_CLIENTE IS NOT NULL;









----------------------------RELACIONES-----------------------------
-----------------DATA
Insert into RELACIONES(ID,TIPO,CARNET) VALUES('1','ESTUDIANTE','20163692');
Insert into RELACIONES(ID,TIPO,CARNET) VALUES('2','ESTUDIANTE','201418068');
Insert into RELACIONES(ID,TIPO,CARNET) VALUES('3','PROFESOR','24038');


Insert into RELACIONES(ID,TIPO,CARNET) VALUES('4','PADRE ESTUDIANTE','20163692');
Insert into RELACIONES(ID,TIPO) VALUES('5','FENICIA');
Insert into RELACIONES(ID,TIPO) VALUES('6','HOTEL');
Insert into RELACIONES(ID,TIPO) VALUES('7','HOSTAL');
Insert into RELACIONES (ID,TIPO) VALUES('8','ADMININISTRADOR VIVIENDA UNIVERSITARIA');
Insert into RELACIONES(ID,TIPO,CARNET) VALUES('9','PROFESOR','24089');



----------------------OPERADORES----------------------

-----------------DATA
Insert into OPERADORES(ID,TIPO_ID,NOMBRE,CONTACTO,ID_RELACION) VALUES('98247453','CC','CACERES','DIRECCION:CARRERA 69 CALLE169  ','4');
Insert into OPERADORES(ID,TIPO_ID,NOMBRE,CONTACTO,ID_RELACION) VALUES('23582001','CC','EL VECI','DIRECCION:CARRERA 1 CALLE20  ','5');
Insert into OPERADORES(ID,TIPO_ID,NOMBRE,CONTACTO,ID_RELACION) VALUES('4520202','NIT','BOGOTA REAL','DIRECCION:CALLE 19 Y AJA  ','6');
Insert into OPERADORES(ID,TIPO_ID,NOMBRE,CONTACTO,ID_RELACION) VALUES('967202','NIT','MAMBO','DIRECCION:EL CHORRO ','7');

Insert into OPERADORES(ID,TIPO_ID,NOMBRE,CONTACTO,ID_RELACION) VALUES('282345','NIT','CITY U','DIRECCION:CITY U  ','8');
Insert into OPERADORES(ID,TIPO_ID,NOMBRE,CONTACTO,ID_RELACION) VALUES('132456','CC','EDNA','DIRECCION:CALLE 26 Y 7A  ','9');

--------------CLIENTES----------------------

---------DATA
Insert into CLIENTES (ID,TIPO_ID,NOMBRE,CONTACTO,ID_RELACION)  VALUES('1020567','CC','EL DT','DIRECCION:CALLE 173 A, TEL:31158222','1');
Insert into CLIENTES (ID,TIPO_ID,NOMBRE,CONTACTO,ID_RELACION)  VALUES('1101567896','CC','MAICOLSITO','TEL:310267','2');
Insert into CLIENTES (ID,TIPO_ID,NOMBRE,CONTACTO,ID_RELACION)  VALUES('183456','CC','MAURICIO','TEL:310267','3');


------SERVICIOS----------------------------------
Insert into SERVICIOS (ID,NOMBRE,DESCRIPCION,COSTO_ADICIONAL) VALUES ('1','wi-fi','conexion a internet','10000');
Insert into SERVICIOS (ID,NOMBRE,DESCRIPCION,COSTO_ADICIONAL) VALUES ('2','GASEOSA','consumo de bebidas en la habitacion','5000');
Insert into SERVICIOS (ID,NOMBRE,DESCRIPCION,COSTO_ADICIONAL) VALUES ('3','ALmuerzo','almuerzo, valor diario. halp nico','10000');
Insert into SERVICIOS (ID,NOMBRE,DESCRIPCION,COSTO_ADICIONAL) VALUES ('4','lavado de ropa','lavado de ropa:valormensual ','1000000');

--ALOOJAMIENTOS

--HOTEL
Insert into ALOJAMIENTOS(ID,UBICACION,COSTO_BASICO,CAPACIDAD,ID_OPERADOR,TIPO) values('1','en el bog re','85000', '2','4520202','HAB HOTEL');
Insert into ALOJAMIENTOS(ID,UBICACION,COSTO_BASICO,CAPACIDAD,ID_OPERADOR,TIPO) values('2','en el bog re','45000', '1','4520202','HAB HOTEL');
Insert into ALOJAMIENTOS(ID,UBICACION,COSTO_BASICO,CAPACIDAD,ID_OPERADOR,TIPO) values('3','en el bog re','110500', '4','4520202','HAB HOTEL');
---LA PIEZA

Insert into Alojamientos(ID,UBICACION,COSTO_BASICO,CAPACIDAD,ID_OPERADOR,TIPO) values('4','en la primera','450000', '1','23582001','VIVIENDA');

---APARTAMENTO
Insert into ALOJAMIENTOS(ID,UBICACION,COSTO_BASICO,CAPACIDAD,ID_OPERADOR,TIPO) values('5','SANTO DOMINGO','110500', '4','98247453','APARTAMENTO');
--EL HOSTAL
Insert into ALOJAMIENTOS(ID,UBICACION,COSTO_BASICO,CAPACIDAD,ID_OPERADOR,TIPO) values('6','el chorro','15000', '1','967202','HAB HOSTAL');
Insert into ALOJAMIENTOS(ID,UBICACION,COSTO_BASICO,CAPACIDAD,ID_OPERADOR,TIPO) values('7','el chorro','20000', '2','967202','HAB HOSTAL');
--EL CEDIDO
Insert into ALOJAMIENTOS(ID,UBICACION,COSTO_BASICO,CAPACIDAD,ID_OPERADOR,TIPO) values('10','26 Y7','340000','4','132456','VIVIENDA');

----LA UNIVERSITARIA
Insert into ALOJAMIENTOS(ID,UBICACION,COSTO_BASICO,CAPACIDAD,ID_OPERADOR,TIPO) values('8','TORRE1 ','680000', '1','282345','HAB UNIVERSITARIA');
Insert into ALOJAMIENTOS(ID,UBICACION,COSTO_BASICO,CAPACIDAD,ID_OPERADOR,TIPO) values('9','TORRE 2','20000', '1','282345','HAB UNIVERSITARIA');

-----RESERVAS-------------------------
Insert into RESERVAS(ID,NUM_DIAS,FECHA_INICIO,FECHA_FIN,NUM_PERSONAS,COSTO_DEFINITIVO,TIEMPO_OPORTUNO,ID_ALOJAMIENTO,ID_CLIENTE)
values('1','5','30/08/18','04/09/18','2','85000,12','27/08/18','1','1020567');

Insert into RESERVAS(ID,NUM_DIAS,FECHA_INICIO,FECHA_FIN,NUM_PERSONAS,COSTO_DEFINITIVO,TIEMPO_OPORTUNO,ID_ALOJAMIENTO,ID_CLIENTE)
values('2','2','20/10/18','22/10/18','1','45000,12','17/10/18','2','1020567');

Insert into RESERVAS(ID,NUM_DIAS,FECHA_INICIO,FECHA_FIN,NUM_PERSONAS,COSTO_DEFINITIVO,TIEMPO_OPORTUNO,ID_ALOJAMIENTO,ID_CLIENTE)
values('4','30','20/10/18','20/11/18','1','450000','13/10/18','4','1101567896');


Insert into RESERVAS(ID,NUM_DIAS,FECHA_INICIO,FECHA_FIN,NUM_PERSONAS,COSTO_DEFINITIVO,TIEMPO_OPORTUNO,ID_ALOJAMIENTO,ID_CLIENTE)
values('5','3','20/10/18','24/11/18','3','4509000','13/10/18','7','1101567896');

Insert into RESERVAS(ID,NUM_DIAS,FECHA_INICIO,FECHA_FIN,NUM_PERSONAS,COSTO_DEFINITIVO,TIEMPO_OPORTUNO,ID_ALOJAMIENTO,ID_CLIENTE,TERMINADA)
values('20000','5','30/08/17','04/09/17','2','85000,12','27/08/17','1','1020567','T');

Insert into RESERVAS(ID,NUM_DIAS,FECHA_INICIO,FECHA_FIN,NUM_PERSONAS,COSTO_DEFINITIVO,TIEMPO_OPORTUNO,ID_ALOJAMIENTO,ID_CLIENTE,TERMINADA)
values('20002','2','20/10/17','22/10/17','1','45000,12','17/10/17','2','1020567','T');

Insert into RESERVAS(ID,NUM_DIAS,FECHA_INICIO,FECHA_FIN,NUM_PERSONAS,COSTO_DEFINITIVO,TIEMPO_OPORTUNO,ID_ALOJAMIENTO,ID_CLIENTE,TERMINADA)
values('20004','30','20/10/17','20/11/17','1','450000','13/10/17','4','1101567896','T');


Insert into RESERVAS(ID,NUM_DIAS,FECHA_INICIO,FECHA_FIN,NUM_PERSONAS,COSTO_DEFINITIVO,TIEMPO_OPORTUNO,ID_ALOJAMIENTO,ID_CLIENTE,TERMINADA)
values('20005','3','20/10/17','24/11/17','3','4509000','13/10/17','7','1101567896','T');


--------------CONTRATOS-----------------------------------
Insert into CONTRATOS(ID,NUM_DIAS,PAGO_ANTICIPADO,INCLUYE_SERVICIOS,INCLUYE_ADMON,FECHA,COSTO_DEFINITIVO,ID_CLIENTE, ID_ALOJAMIENTO)
values('1','30','F','T','F','01/04/18','450000','183456','4');

Insert into CONTRATOS(ID,NUM_DIAS,PAGO_ANTICIPADO,INCLUYE_SERVICIOS,INCLUYE_ADMON,FECHA,COSTO_DEFINITIVO,ID_CLIENTE, ID_ALOJAMIENTO)
values('2','4','T','F','F','01/04/18','4509000','1101567896','7');

-------------------VIVIENDAS----------------------------


Insert into VIVIENDAS(ID,CEDIDO,COMPARTIDO)values('4','F','T'); 

--------------APARTAMENTO------


Insert into APARTAMENTOS(ID,AMOBLADO)values('5','T');
------HAB HOTEL---------------

Insert into HABITACIONES_HOTEL(ID,TIPO_HABITACION) VALUES('1','SEMISUITE');
Insert into HABITACIONES_HOTEL(ID,TIPO_HABITACION) VALUES('2','ESTANDAR');
Insert into HABITACIONES_HOTEL(ID,TIPO_HABITACION) VALUES('3','SUITE');

-----HAB HOSTAL--------------------
Insert into HABITACIONES_HOSTAL(ID,HORARIO_APERTURA,HORARIO_CIERRE,COMPARTIDA) VALUES('6',NULL,NULL,'F');
Insert into HABITACIONES_HOSTAL(ID,HORARIO_APERTURA,HORARIO_CIERRE,COMPARTIDA) VALUES('7', to_date('1999/01/01:9:00:00AM', 'yyyy/mm/dd:hh:mi:ssam'),to_date('1999/01/01:6:00:00pM', 'yyyy/mm/dd:hh:mi:ssam'),'T');


-----------VIVIENDA UNIVERSITARIA--------------------------------


Insert into HABITACIONES_VIV_UNI(ID,DURACION_DE_HAB) VALUES('8','1');
Insert into HABITACIONES_VIV_UNI(ID,DURACION_DE_HAB) VALUES('9','180');
------------SEGUROS---------------------------------

Insert into SEGUROS(ID,VALOR,ID_CONTRATO) VALUES('1','3900000','2');

-----------SE HAN QUEDADO---------
Insert into SE_HAN_QUEDADO (ID_ALOJAMIENTO,ID_CLIENTE) values('9','183456');
------LES GUSTA

Insert into LES_GUSTA (ID_SERVICIO,ID_CLIENTE) values('2','183456');

---------SERVICIOS OFRECIDOS----
Insert into SERVICIOS_OFRECIDOS (ID_ALOJAMIENTO,ID_SERVICIO) values('8','4');


-----------SERVICIOS ADICIONALES---------------------------------

Insert into SERVICIOS_ADICIONALES(ID_RESERVA, ID_SERVICIO) VALUES('4','3');
insert into RESERVAS (id, NUM_DIAS, FECHA_INICIO, FECHA_FIN, COSTO_DEFINITIVO, TIEMPO_OPORTUNO, ID_ALOJAMIENTO, ID_CLIENTE, NUM_PERSONAS) values (1002, 55, '30/5/2018', '21/9/2018', 148140, '10/11/2017', 6, 1020567, 1);
insert into RESERVAS (id, NUM_DIAS, FECHA_INICIO, FECHA_FIN, COSTO_DEFINITIVO, TIEMPO_OPORTUNO, ID_ALOJAMIENTO, ID_CLIENTE, NUM_PERSONAS) values (1004, 82, '4/11/2017', '20/1/2018', 96692, '11/4/2017', 9, 1020567, 1);
insert into RESERVAS (id, NUM_DIAS, FECHA_INICIO, FECHA_FIN, COSTO_DEFINITIVO, TIEMPO_OPORTUNO, ID_ALOJAMIENTO, ID_CLIENTE, NUM_PERSONAS) values (1005, 96, '8/1/2018', '24/11/2017', 44925, '8/3/2018', 4, 1020567, 1);
insert into RESERVAS (id, NUM_DIAS, FECHA_INICIO, FECHA_FIN, COSTO_DEFINITIVO, TIEMPO_OPORTUNO, ID_ALOJAMIENTO, ID_CLIENTE, NUM_PERSONAS) values (1006, 82, '25/10/2017', '8/4/2018', 69150, '23/2/2018', 6, 1020567, 2);
insert into RESERVAS (id, NUM_DIAS, FECHA_INICIO, FECHA_FIN, COSTO_DEFINITIVO, TIEMPO_OPORTUNO, ID_ALOJAMIENTO, ID_CLIENTE, NUM_PERSONAS) values (1007, 69, '9/6/2017', '14/7/2018', 38419, '29/10/2017', 7, 1020567, 1);
insert into RESERVAS (id, NUM_DIAS, FECHA_INICIO, FECHA_FIN, COSTO_DEFINITIVO, TIEMPO_OPORTUNO, ID_ALOJAMIENTO, ID_CLIENTE, NUM_PERSONAS) values (1008, 98, '27/8/2018', '30/5/2017', 74218, '2/10/2017', 9, 1020567, 2);
insert into RESERVAS (id, NUM_DIAS, FECHA_INICIO, FECHA_FIN, COSTO_DEFINITIVO, TIEMPO_OPORTUNO, ID_ALOJAMIENTO, ID_CLIENTE, NUM_PERSONAS) values (1009, 76, '5/4/2018', '11/3/2017', 152702, '10/9/2017', 6, 1020567, 2);
insert into RESERVAS (id, NUM_DIAS, FECHA_INICIO, FECHA_FIN, COSTO_DEFINITIVO, TIEMPO_OPORTUNO, ID_ALOJAMIENTO, ID_CLIENTE, NUM_PERSONAS) values (1010, 90, '27/3/2018', '1/7/2017', 192411, '26/5/2017', 7, 1020567, 1);
insert into RESERVAS (id, NUM_DIAS, FECHA_INICIO, FECHA_FIN, COSTO_DEFINITIVO, TIEMPO_OPORTUNO, ID_ALOJAMIENTO, ID_CLIENTE, NUM_PERSONAS) values (1011, 61, '17/6/2017', '12/8/2018', 73812, '22/7/2017', 6, 1020567, 1);
insert into RESERVAS (id, NUM_DIAS, FECHA_INICIO, FECHA_FIN, COSTO_DEFINITIVO, TIEMPO_OPORTUNO, ID_ALOJAMIENTO, ID_CLIENTE, NUM_PERSONAS) values (1012, 10, '8/7/2018', '14/6/2018', 77646, '15/12/2017', 9, 1020567, 2);
insert into RESERVAS (id, NUM_DIAS, FECHA_INICIO, FECHA_FIN, COSTO_DEFINITIVO, TIEMPO_OPORTUNO, ID_ALOJAMIENTO, ID_CLIENTE, NUM_PERSONAS) values (1013, 33, '14/9/2018', '9/6/2017', 84547, '18/5/2017', 7, 1020567, 2);
insert into RESERVAS (id, NUM_DIAS, FECHA_INICIO, FECHA_FIN, COSTO_DEFINITIVO, TIEMPO_OPORTUNO, ID_ALOJAMIENTO, ID_CLIENTE, NUM_PERSONAS) values (1014, 33, '17/11/2018', '19/4/2018', 142789, '8/12/2017', 3, 1020567, 2);
insert into RESERVAS (id, NUM_DIAS, FECHA_INICIO, FECHA_FIN, COSTO_DEFINITIVO, TIEMPO_OPORTUNO, ID_ALOJAMIENTO, ID_CLIENTE, NUM_PERSONAS) values (1015, 63, '6/4/2018', '19/11/2018', 43361, '1/1/2018', 9, 1020567, 1);
insert into RESERVAS (id, NUM_DIAS, FECHA_INICIO, FECHA_FIN, COSTO_DEFINITIVO, TIEMPO_OPORTUNO, ID_ALOJAMIENTO, ID_CLIENTE, NUM_PERSONAS) values (1016, 83, '15/1/2018', '29/11/2018', 67316, '30/11/2017', 5, 1020567, 2);
insert into RESERVAS (id, NUM_DIAS, FECHA_INICIO, FECHA_FIN, COSTO_DEFINITIVO, TIEMPO_OPORTUNO, ID_ALOJAMIENTO, ID_CLIENTE, NUM_PERSONAS) values (1017, 79, '5/2/2018', '7/9/2017', 75669, '28/12/2017', 7, 1020567, 1);
insert into RESERVAS (id, NUM_DIAS, FECHA_INICIO, FECHA_FIN, COSTO_DEFINITIVO, TIEMPO_OPORTUNO, ID_ALOJAMIENTO, ID_CLIENTE, NUM_PERSONAS) values (1018, 16, '12/6/2018', '14/12/2018', 76181, '11/12/2017', 7, 1020567, 2);
insert into RESERVAS (id, NUM_DIAS, FECHA_INICIO, FECHA_FIN, COSTO_DEFINITIVO, TIEMPO_OPORTUNO, ID_ALOJAMIENTO, ID_CLIENTE, NUM_PERSONAS) values (1019, 91, '24/7/2017', '3/6/2017', 167303, '18/9/2017', 6, 1020567, 1);
insert into RESERVAS (id, NUM_DIAS, FECHA_INICIO, FECHA_FIN, COSTO_DEFINITIVO, TIEMPO_OPORTUNO, ID_ALOJAMIENTO, ID_CLIENTE, NUM_PERSONAS) values (1020, 2, '14/11/2017', '21/8/2018', 98232, '17/1/2018', 5, 1020567, 2);
insert into RESERVAS (id, NUM_DIAS, FECHA_INICIO, FECHA_FIN, COSTO_DEFINITIVO, TIEMPO_OPORTUNO, ID_ALOJAMIENTO, ID_CLIENTE, NUM_PERSONAS) values (1021, 75, '22/8/2018', '1/2/2017', 113249, '5/11/2017', 2, 1020567, 1);
insert into RESERVAS (id, NUM_DIAS, FECHA_INICIO, FECHA_FIN, COSTO_DEFINITIVO, TIEMPO_OPORTUNO, ID_ALOJAMIENTO, ID_CLIENTE, NUM_PERSONAS) values (1022, 25, '7/3/2017', '18/5/2017', 118835, '4/7/2017', 6, 1020567, 2);
insert into RESERVAS (id, NUM_DIAS, FECHA_INICIO, FECHA_FIN, COSTO_DEFINITIVO, TIEMPO_OPORTUNO, ID_ALOJAMIENTO, ID_CLIENTE, NUM_PERSONAS) values (1023, 24, '23/11/2017', '18/12/2017', 188589, '30/3/2017', 1, 1020567, 1);
insert into RESERVAS (id, NUM_DIAS, FECHA_INICIO, FECHA_FIN, COSTO_DEFINITIVO, TIEMPO_OPORTUNO, ID_ALOJAMIENTO, ID_CLIENTE, NUM_PERSONAS) values (1024, 70, '29/3/2018', '10/3/2018', 45849, '23/5/2017', 4, 1020567, 1);
insert into RESERVAS (id, NUM_DIAS, FECHA_INICIO, FECHA_FIN, COSTO_DEFINITIVO, TIEMPO_OPORTUNO, ID_ALOJAMIENTO, ID_CLIENTE, NUM_PERSONAS) values (1025, 3, '31/10/2017', '11/2/2018', 195920, '23/4/2017', 1, 1020567, 2);
insert into RESERVAS (id, NUM_DIAS, FECHA_INICIO, FECHA_FIN, COSTO_DEFINITIVO, TIEMPO_OPORTUNO, ID_ALOJAMIENTO, ID_CLIENTE, NUM_PERSONAS) values (1026, 51, '9/11/2018', '26/9/2018', 83114, '12/10/2017', 5, 1020567, 2);
insert into RESERVAS (id, NUM_DIAS, FECHA_INICIO, FECHA_FIN, COSTO_DEFINITIVO, TIEMPO_OPORTUNO, ID_ALOJAMIENTO, ID_CLIENTE, NUM_PERSONAS) values (1027, 78, '31/10/2017', '13/4/2018', 79985, '9/1/2018', 2, 1020567, 1);
insert into RESERVAS (id, NUM_DIAS, FECHA_INICIO, FECHA_FIN, COSTO_DEFINITIVO, TIEMPO_OPORTUNO, ID_ALOJAMIENTO, ID_CLIENTE, NUM_PERSONAS) values (1028, 13, '5/4/2018', '1/4/2018', 136900, '17/4/2017', 4, 1020567, 1);
insert into RESERVAS (id, NUM_DIAS, FECHA_INICIO, FECHA_FIN, COSTO_DEFINITIVO, TIEMPO_OPORTUNO, ID_ALOJAMIENTO, ID_CLIENTE, NUM_PERSONAS) values (1029, 66, '28/8/2018', '21/1/2018', 196374, '16/6/2017', 4, 1020567, 2);
insert into RESERVAS (id, NUM_DIAS, FECHA_INICIO, FECHA_FIN, COSTO_DEFINITIVO, TIEMPO_OPORTUNO, ID_ALOJAMIENTO, ID_CLIENTE, NUM_PERSONAS) values (1030, 65, '10/1/2018', '18/6/2018', 46368, '8/1/2018', 1, 1020567, 2);
insert into RESERVAS (id, NUM_DIAS, FECHA_INICIO, FECHA_FIN, COSTO_DEFINITIVO, TIEMPO_OPORTUNO, ID_ALOJAMIENTO, ID_CLIENTE, NUM_PERSONAS) values (1031, 27, '23/5/2017', '26/6/2018', 70341, '13/5/2017', 4, 1020567, 2);
insert into RESERVAS (id, NUM_DIAS, FECHA_INICIO, FECHA_FIN, COSTO_DEFINITIVO, TIEMPO_OPORTUNO, ID_ALOJAMIENTO, ID_CLIENTE, NUM_PERSONAS) values (1032, 88, '6/11/2017', '10/4/2017', 57847, '27/5/2017', 2, 1020567, 1);
insert into RESERVAS (id, NUM_DIAS, FECHA_INICIO, FECHA_FIN, COSTO_DEFINITIVO, TIEMPO_OPORTUNO, ID_ALOJAMIENTO, ID_CLIENTE, NUM_PERSONAS) values (1033, 82, '21/6/2017', '22/4/2017', 75501, '15/8/2017', 7, 1020567, 1);
insert into RESERVAS (id, NUM_DIAS, FECHA_INICIO, FECHA_FIN, COSTO_DEFINITIVO, TIEMPO_OPORTUNO, ID_ALOJAMIENTO, ID_CLIENTE, NUM_PERSONAS) values (1034, 60, '6/2/2018', '16/9/2018', 177844, '13/6/2017', 1, 1020567, 2);
insert into RESERVAS (id, NUM_DIAS, FECHA_INICIO, FECHA_FIN, COSTO_DEFINITIVO, TIEMPO_OPORTUNO, ID_ALOJAMIENTO, ID_CLIENTE, NUM_PERSONAS) values (1035, 43, '5/8/2017', '11/9/2018', 81264, '21/11/2017', 6, 1020567, 1);
insert into RESERVAS (id, NUM_DIAS, FECHA_INICIO, FECHA_FIN, COSTO_DEFINITIVO, TIEMPO_OPORTUNO, ID_ALOJAMIENTO, ID_CLIENTE, NUM_PERSONAS) values (1036, 39, '14/1/2018', '17/5/2018', 192667, '9/10/2017', 2, 1020567, 1);
insert into RESERVAS (id, NUM_DIAS, FECHA_INICIO, FECHA_FIN, COSTO_DEFINITIVO, TIEMPO_OPORTUNO, ID_ALOJAMIENTO, ID_CLIENTE, NUM_PERSONAS) values (1037, 12, '20/5/2017', '11/2/2018', 170782, '30/10/2017', 6, 1020567, 2);
insert into RESERVAS (id, NUM_DIAS, FECHA_INICIO, FECHA_FIN, COSTO_DEFINITIVO, TIEMPO_OPORTUNO, ID_ALOJAMIENTO, ID_CLIENTE, NUM_PERSONAS) values (1038, 74, '18/11/2018', '19/1/2018', 56977, '7/12/2017', 3, 1020567, 2);
insert into RESERVAS (id, NUM_DIAS, FECHA_INICIO, FECHA_FIN, COSTO_DEFINITIVO, TIEMPO_OPORTUNO, ID_ALOJAMIENTO, ID_CLIENTE, NUM_PERSONAS) values (1039, 22, '8/2/2017', '21/11/2018', 195028, '18/8/2017', 4, 1020567, 2);
insert into RESERVAS (id, NUM_DIAS, FECHA_INICIO, FECHA_FIN, COSTO_DEFINITIVO, TIEMPO_OPORTUNO, ID_ALOJAMIENTO, ID_CLIENTE, NUM_PERSONAS) values (1040, 70, '6/10/2017', '13/8/2018', 175657, '22/8/2017', 6, 1020567, 1);
insert into RESERVAS (id, NUM_DIAS, FECHA_INICIO, FECHA_FIN, COSTO_DEFINITIVO, TIEMPO_OPORTUNO, ID_ALOJAMIENTO, ID_CLIENTE, NUM_PERSONAS) values (1041, 97, '20/2/2017', '12/2/2018', 77142, '22/5/2017', 3, 1020567, 2);
insert into RESERVAS (id, NUM_DIAS, FECHA_INICIO, FECHA_FIN, COSTO_DEFINITIVO, TIEMPO_OPORTUNO, ID_ALOJAMIENTO, ID_CLIENTE, NUM_PERSONAS) values (1042, 78, '24/3/2018', '12/8/2018', 171779, '29/4/2017', 3, 1020567, 1);
insert into RESERVAS (id, NUM_DIAS, FECHA_INICIO, FECHA_FIN, COSTO_DEFINITIVO, TIEMPO_OPORTUNO, ID_ALOJAMIENTO, ID_CLIENTE, NUM_PERSONAS) values (1043, 58, '31/8/2017', '12/4/2017', 70917, '29/1/2018', 1, 1020567, 2);
insert into RESERVAS (id, NUM_DIAS, FECHA_INICIO, FECHA_FIN, COSTO_DEFINITIVO, TIEMPO_OPORTUNO, ID_ALOJAMIENTO, ID_CLIENTE, NUM_PERSONAS) values (1044, 39, '1/6/2017', '20/3/2017', 91475, '21/12/2017', 7, 1020567, 2);
insert into RESERVAS (id, NUM_DIAS, FECHA_INICIO, FECHA_FIN, COSTO_DEFINITIVO, TIEMPO_OPORTUNO, ID_ALOJAMIENTO, ID_CLIENTE, NUM_PERSONAS) values (1045, 60, '18/2/2018', '16/7/2018', 56484, '4/4/2017', 2, 1020567, 2);
insert into RESERVAS (id, NUM_DIAS, FECHA_INICIO, FECHA_FIN, COSTO_DEFINITIVO, TIEMPO_OPORTUNO, ID_ALOJAMIENTO, ID_CLIENTE, NUM_PERSONAS) values (1046, 59, '4/4/2017', '12/12/2017', 76994, '28/4/2017', 3, 1020567, 1);
insert into RESERVAS (id, NUM_DIAS, FECHA_INICIO, FECHA_FIN, COSTO_DEFINITIVO, TIEMPO_OPORTUNO, ID_ALOJAMIENTO, ID_CLIENTE, NUM_PERSONAS) values (1047, 9, '28/5/2017', '31/5/2017', 87167, '1/4/2017', 5, 1020567, 2);
insert into RESERVAS (id, NUM_DIAS, FECHA_INICIO, FECHA_FIN, COSTO_DEFINITIVO, TIEMPO_OPORTUNO, ID_ALOJAMIENTO, ID_CLIENTE, NUM_PERSONAS) values (1048, 96, '23/3/2018', '27/8/2017', 76065, '25/10/2017', 3, 1020567, 2);
insert into RESERVAS (id, NUM_DIAS, FECHA_INICIO, FECHA_FIN, COSTO_DEFINITIVO, TIEMPO_OPORTUNO, ID_ALOJAMIENTO, ID_CLIENTE, NUM_PERSONAS) values (1049, 48, '24/6/2018', '16/6/2017', 39123, '6/11/2017', 1, 1020567, 2);
insert into RESERVAS (id, NUM_DIAS, FECHA_INICIO, FECHA_FIN, COSTO_DEFINITIVO, TIEMPO_OPORTUNO, ID_ALOJAMIENTO, ID_CLIENTE, NUM_PERSONAS) values (1050, 79, '8/6/2018', '11/9/2017', 116174, '26/4/2017', 7, 1020567, 1);
insert into RESERVAS (id, NUM_DIAS, FECHA_INICIO, FECHA_FIN, COSTO_DEFINITIVO, TIEMPO_OPORTUNO, ID_ALOJAMIENTO, ID_CLIENTE, NUM_PERSONAS) values (1051, 89, '12/2/2017', '18/9/2017', 114429, '3/11/2017', 8, 1020567, 2);
insert into RESERVAS (id, NUM_DIAS, FECHA_INICIO, FECHA_FIN, COSTO_DEFINITIVO, TIEMPO_OPORTUNO, ID_ALOJAMIENTO, ID_CLIENTE, NUM_PERSONAS) values (1052, 87, '10/11/2017', '18/8/2018', 63282, '11/8/2017', 4, 1020567, 1);
insert into RESERVAS (id, NUM_DIAS, FECHA_INICIO, FECHA_FIN, COSTO_DEFINITIVO, TIEMPO_OPORTUNO, ID_ALOJAMIENTO, ID_CLIENTE, NUM_PERSONAS) values (1053, 39, '27/2/2018', '8/6/2018', 165623, '28/5/2017', 8, 1020567, 2);
insert into RESERVAS (id, NUM_DIAS, FECHA_INICIO, FECHA_FIN, COSTO_DEFINITIVO, TIEMPO_OPORTUNO, ID_ALOJAMIENTO, ID_CLIENTE, NUM_PERSONAS) values (1054, 31, '20/7/2017', '14/3/2018', 138593, '10/1/2018', 1, 1020567, 2);
insert into RESERVAS (id, NUM_DIAS, FECHA_INICIO, FECHA_FIN, COSTO_DEFINITIVO, TIEMPO_OPORTUNO, ID_ALOJAMIENTO, ID_CLIENTE, NUM_PERSONAS) values (1055, 12, '27/9/2018', '24/6/2018', 52090, '8/6/2017', 6, 1020567, 1);
insert into RESERVAS (id, NUM_DIAS, FECHA_INICIO, FECHA_FIN, COSTO_DEFINITIVO, TIEMPO_OPORTUNO, ID_ALOJAMIENTO, ID_CLIENTE, NUM_PERSONAS) values (1056, 78, '13/7/2018', '26/3/2018', 44098, '1/2/2018', 8, 1020567, 1);
insert into RESERVAS (id, NUM_DIAS, FECHA_INICIO, FECHA_FIN, COSTO_DEFINITIVO, TIEMPO_OPORTUNO, ID_ALOJAMIENTO, ID_CLIENTE, NUM_PERSONAS) values (1057, 26, '8/8/2017', '25/6/2017', 179767, '22/11/2017', 8, 1020567, 2);
insert into RESERVAS (id, NUM_DIAS, FECHA_INICIO, FECHA_FIN, COSTO_DEFINITIVO, TIEMPO_OPORTUNO, ID_ALOJAMIENTO, ID_CLIENTE, NUM_PERSONAS) values (1058, 57, '3/11/2017', '23/5/2018', 127803, '16/2/2018', 4, 1020567, 2);
insert into RESERVAS (id, NUM_DIAS, FECHA_INICIO, FECHA_FIN, COSTO_DEFINITIVO, TIEMPO_OPORTUNO, ID_ALOJAMIENTO, ID_CLIENTE, NUM_PERSONAS) values (1059, 53, '7/11/2017', '1/4/2018', 157144, '24/7/2017', 8, 1020567, 2);
insert into RESERVAS (id, NUM_DIAS, FECHA_INICIO, FECHA_FIN, COSTO_DEFINITIVO, TIEMPO_OPORTUNO, ID_ALOJAMIENTO, ID_CLIENTE, NUM_PERSONAS) values (1060, 77, '8/7/2018', '23/5/2018', 131833, '1/9/2017', 9, 1020567, 1);
insert into RESERVAS (id, NUM_DIAS, FECHA_INICIO, FECHA_FIN, COSTO_DEFINITIVO, TIEMPO_OPORTUNO, ID_ALOJAMIENTO, ID_CLIENTE, NUM_PERSONAS) values (1061, 42, '14/7/2017', '24/2/2017', 192411, '17/3/2018', 6, 1020567, 1);
insert into RESERVAS (id, NUM_DIAS, FECHA_INICIO, FECHA_FIN, COSTO_DEFINITIVO, TIEMPO_OPORTUNO, ID_ALOJAMIENTO, ID_CLIENTE, NUM_PERSONAS) values (1062, 4, '20/5/2018', '15/6/2018', 132509, '23/11/2017', 5, 1020567, 2);
insert into RESERVAS (id, NUM_DIAS, FECHA_INICIO, FECHA_FIN, COSTO_DEFINITIVO, TIEMPO_OPORTUNO, ID_ALOJAMIENTO, ID_CLIENTE, NUM_PERSONAS) values (1063, 88, '3/9/2018', '25/3/2018', 93835, '5/7/2017', 8, 1020567, 1);
insert into RESERVAS (id, NUM_DIAS, FECHA_INICIO, FECHA_FIN, COSTO_DEFINITIVO, TIEMPO_OPORTUNO, ID_ALOJAMIENTO, ID_CLIENTE, NUM_PERSONAS) values (1064, 38, '13/3/2018', '10/12/2017', 38380, '29/11/2017', 9, 1020567, 1);



insert into RESERVAS (id, NUM_DIAS, FECHA_INICIO, FECHA_FIN, COSTO_DEFINITIVO, TIEMPO_OPORTUNO, ID_ALOJAMIENTO, ID_CLIENTE, NUM_PERSONAS) values (20001, 38, '20/8/2018', '7/8/2018', 87145, '19/11/2017', 4, 1020567, 1);
--insert into RESERVAS (id, NUM_DIAS, FECHA_INICIO, FECHA_FIN, COSTO_DEFINITIVO, TIEMPO_OPORTUNO, ID_ALOJAMIENTO, ID_CLIENTE, NUM_PERSONAS) values (20002, 31, '20/5/2018', '5/12/2018', 96258, '5/6/2017', 9, 1020567, 1);
insert into RESERVAS (id, NUM_DIAS, FECHA_INICIO, FECHA_FIN, COSTO_DEFINITIVO, TIEMPO_OPORTUNO, ID_ALOJAMIENTO, ID_CLIENTE, NUM_PERSONAS) values (20003, 49, '1/10/2018', '8/7/2018', 106647, '6/2/2018', 4, 1020567, 2);
--insert into RESERVAS (id, NUM_DIAS, FECHA_INICIO, FECHA_FIN, COSTO_DEFINITIVO, TIEMPO_OPORTUNO, ID_ALOJAMIENTO, ID_CLIENTE, NUM_PERSONAS) values (20004, 93, '16/6/2018', '3/10/2018', 104029, '2/10/2017', 2, 1020567, 2);
--insert into RESERVAS (id, NUM_DIAS, FECHA_INICIO, FECHA_FIN, COSTO_DEFINITIVO, TIEMPO_OPORTUNO, ID_ALOJAMIENTO, ID_CLIENTE, NUM_PERSONAS) values (20005, 86, '19/7/2018', '16/11/2018', 77809, '16/6/2017', 9, 1020567, 2);
insert into RESERVAS (id, NUM_DIAS, FECHA_INICIO, FECHA_FIN, COSTO_DEFINITIVO, TIEMPO_OPORTUNO, ID_ALOJAMIENTO, ID_CLIENTE, NUM_PERSONAS) values (20006, 31, '1/10/2018', '16/11/2018', 129073, '15/7/2017', 8, 1020567, 2);
insert into RESERVAS (id, NUM_DIAS, FECHA_INICIO, FECHA_FIN, COSTO_DEFINITIVO, TIEMPO_OPORTUNO, ID_ALOJAMIENTO, ID_CLIENTE, NUM_PERSONAS) values (20007, 1, '28/9/2018', '21/11/2018', 134859, '30/11/2017', 6, 1020567, 2);
insert into RESERVAS (id, NUM_DIAS, FECHA_INICIO, FECHA_FIN, COSTO_DEFINITIVO, TIEMPO_OPORTUNO, ID_ALOJAMIENTO, ID_CLIENTE, NUM_PERSONAS) values (20008, 37, '11/11/2018', '16/12/2018', 134200, '14/7/2017', 5, 1020567, 2);
insert into RESERVAS (id, NUM_DIAS, FECHA_INICIO, FECHA_FIN, COSTO_DEFINITIVO, TIEMPO_OPORTUNO, ID_ALOJAMIENTO, ID_CLIENTE, NUM_PERSONAS) values (20009, 30, '27/6/2018', '24/5/2018', 76430, '10/5/2017', 4, 1020567, 2);
insert into RESERVAS (id, NUM_DIAS, FECHA_INICIO, FECHA_FIN, COSTO_DEFINITIVO, TIEMPO_OPORTUNO, ID_ALOJAMIENTO, ID_CLIENTE, NUM_PERSONAS) values (20010, 17, '20/9/2018', '10/7/2018', 79897, '19/5/2017', 9, 1020567, 1);
insert into RESERVAS (id, NUM_DIAS, FECHA_INICIO, FECHA_FIN, COSTO_DEFINITIVO, TIEMPO_OPORTUNO, ID_ALOJAMIENTO, ID_CLIENTE, NUM_PERSONAS) values (20011, 55, '12/12/2018', '6/8/2018', 193695, '8/12/2017', 7, 1020567, 2);
insert into RESERVAS (id, NUM_DIAS, FECHA_INICIO, FECHA_FIN, COSTO_DEFINITIVO, TIEMPO_OPORTUNO, ID_ALOJAMIENTO, ID_CLIENTE, NUM_PERSONAS) values (20012, 7, '9/6/2018', '9/12/2018', 193625, '17/4/2017', 7, 1020567, 1);
insert into RESERVAS (id, NUM_DIAS, FECHA_INICIO, FECHA_FIN, COSTO_DEFINITIVO, TIEMPO_OPORTUNO, ID_ALOJAMIENTO, ID_CLIENTE, NUM_PERSONAS) values (20013, 78, '11/10/2018', '23/5/2018', 67585, '16/6/2017', 6, 1020567, 1);
insert into RESERVAS (id, NUM_DIAS, FECHA_INICIO, FECHA_FIN, COSTO_DEFINITIVO, TIEMPO_OPORTUNO, ID_ALOJAMIENTO, ID_CLIENTE, NUM_PERSONAS) values (20014, 41, '26/7/2018', '17/11/2018', 120930, '25/1/2018', 3, 1020567, 2);
insert into RESERVAS (id, NUM_DIAS, FECHA_INICIO, FECHA_FIN, COSTO_DEFINITIVO, TIEMPO_OPORTUNO, ID_ALOJAMIENTO, ID_CLIENTE, NUM_PERSONAS) values (20015, 78, '11/10/2018', '11/7/2018', 147908, '13/2/2018', 7, 1020567, 2);
insert into RESERVAS (id, NUM_DIAS, FECHA_INICIO, FECHA_FIN, COSTO_DEFINITIVO, TIEMPO_OPORTUNO, ID_ALOJAMIENTO, ID_CLIENTE, NUM_PERSONAS) values (20016, 37, '14/6/2018', '19/9/2018', 116033, '17/1/2018', 1, 1020567, 2);
insert into RESERVAS (id, NUM_DIAS, FECHA_INICIO, FECHA_FIN, COSTO_DEFINITIVO, TIEMPO_OPORTUNO, ID_ALOJAMIENTO, ID_CLIENTE, NUM_PERSONAS) values (20017, 96, '12/6/2018', '20/8/2018', 35792, '26/4/2017', 5, 1020567, 2);
insert into RESERVAS (id, NUM_DIAS, FECHA_INICIO, FECHA_FIN, COSTO_DEFINITIVO, TIEMPO_OPORTUNO, ID_ALOJAMIENTO, ID_CLIENTE, NUM_PERSONAS) values (20018, 17, '3/10/2018', '3/12/2018', 106632, '26/9/2017', 2, 1020567, 1);
insert into RESERVAS (id, NUM_DIAS, FECHA_INICIO, FECHA_FIN, COSTO_DEFINITIVO, TIEMPO_OPORTUNO, ID_ALOJAMIENTO, ID_CLIENTE, NUM_PERSONAS) values (20019, 49, '2/10/2018', '16/8/2018', 157804, '21/7/2017', 3, 1020567, 1);
insert into RESERVAS (id, NUM_DIAS, FECHA_INICIO, FECHA_FIN, COSTO_DEFINITIVO, TIEMPO_OPORTUNO, ID_ALOJAMIENTO, ID_CLIENTE, NUM_PERSONAS) values (20020, 36, '5/7/2018', '18/12/2018', 162776, '24/11/2017', 6, 1020567, 1);
insert into RESERVAS (id, NUM_DIAS, FECHA_INICIO, FECHA_FIN, COSTO_DEFINITIVO, TIEMPO_OPORTUNO, ID_ALOJAMIENTO, ID_CLIENTE, NUM_PERSONAS) values (20021, 10, '11/7/2018', '18/8/2018', 140336, '16/8/2017', 6, 1020567, 1);
insert into RESERVAS (id, NUM_DIAS, FECHA_INICIO, FECHA_FIN, COSTO_DEFINITIVO, TIEMPO_OPORTUNO, ID_ALOJAMIENTO, ID_CLIENTE, NUM_PERSONAS) values (20022, 99, '20/6/2018', '26/10/2018', 74085, '23/3/2017', 7, 1020567, 2);
insert into RESERVAS (id, NUM_DIAS, FECHA_INICIO, FECHA_FIN, COSTO_DEFINITIVO, TIEMPO_OPORTUNO, ID_ALOJAMIENTO, ID_CLIENTE, NUM_PERSONAS) values (20023, 24, '14/8/2018', '1/9/2018', 95422, '25/12/2017', 4, 1020567, 1);
insert into RESERVAS (id, NUM_DIAS, FECHA_INICIO, FECHA_FIN, COSTO_DEFINITIVO, TIEMPO_OPORTUNO, ID_ALOJAMIENTO, ID_CLIENTE, NUM_PERSONAS) values (20024, 74, '30/6/2018', '13/11/2018', 142922, '5/12/2017', 3, 1020567, 2);
insert into RESERVAS (id, NUM_DIAS, FECHA_INICIO, FECHA_FIN, COSTO_DEFINITIVO, TIEMPO_OPORTUNO, ID_ALOJAMIENTO, ID_CLIENTE, NUM_PERSONAS) values (20025, 87, '17/7/2018', '9/6/2018', 179926, '6/10/2017', 5, 1020567, 1);
insert into RESERVAS (id, NUM_DIAS, FECHA_INICIO, FECHA_FIN, COSTO_DEFINITIVO, TIEMPO_OPORTUNO, ID_ALOJAMIENTO, ID_CLIENTE, NUM_PERSONAS) values (20026, 38, '19/10/2018', '6/10/2018', 187994, '3/5/2017', 7, 1020567, 2);
insert into RESERVAS (id, NUM_DIAS, FECHA_INICIO, FECHA_FIN, COSTO_DEFINITIVO, TIEMPO_OPORTUNO, ID_ALOJAMIENTO, ID_CLIENTE, NUM_PERSONAS) values (20027, 74, '8/7/2018', '17/10/2018', 94358, '20/1/2018', 1, 1020567, 2);
insert into RESERVAS (id, NUM_DIAS, FECHA_INICIO, FECHA_FIN, COSTO_DEFINITIVO, TIEMPO_OPORTUNO, ID_ALOJAMIENTO, ID_CLIENTE, NUM_PERSONAS) values (20028, 36, '13/7/2018', '22/8/2018', 142831, '26/1/2018', 1, 1020567, 1);
insert into RESERVAS (id, NUM_DIAS, FECHA_INICIO, FECHA_FIN, COSTO_DEFINITIVO, TIEMPO_OPORTUNO, ID_ALOJAMIENTO, ID_CLIENTE, NUM_PERSONAS) values (20029, 20, '20/6/2018', '15/5/2018', 116341, '23/12/2017', 3, 1020567, 2);
insert into RESERVAS (id, NUM_DIAS, FECHA_INICIO, FECHA_FIN, COSTO_DEFINITIVO, TIEMPO_OPORTUNO, ID_ALOJAMIENTO, ID_CLIENTE, NUM_PERSONAS) values (20030, 90, '8/10/2018', '27/9/2018', 39367, '26/1/2018', 9, 1020567, 1);
insert into RESERVAS (id, NUM_DIAS, FECHA_INICIO, FECHA_FIN, COSTO_DEFINITIVO, TIEMPO_OPORTUNO, ID_ALOJAMIENTO, ID_CLIENTE, NUM_PERSONAS) values (20031, 97, '22/7/2018', '4/10/2018', 103651, '14/12/2017', 4, 1020567, 1);
insert into RESERVAS (id, NUM_DIAS, FECHA_INICIO, FECHA_FIN, COSTO_DEFINITIVO, TIEMPO_OPORTUNO, ID_ALOJAMIENTO, ID_CLIENTE, NUM_PERSONAS) values (20032, 46, '25/10/2018', '18/5/2018', 43725, '16/1/2018', 4, 1020567, 2);
insert into RESERVAS (id, NUM_DIAS, FECHA_INICIO, FECHA_FIN, COSTO_DEFINITIVO, TIEMPO_OPORTUNO, ID_ALOJAMIENTO, ID_CLIENTE, NUM_PERSONAS) values (20033, 19, '2/11/2018', '16/9/2018', 47287, '10/10/2017', 7, 1020567, 2);
insert into RESERVAS (id, NUM_DIAS, FECHA_INICIO, FECHA_FIN, COSTO_DEFINITIVO, TIEMPO_OPORTUNO, ID_ALOJAMIENTO, ID_CLIENTE, NUM_PERSONAS) values (20034, 32, '12/7/2018', '31/7/2018', 177847, '4/10/2017', 3, 1020567, 1);
insert into RESERVAS (id, NUM_DIAS, FECHA_INICIO, FECHA_FIN, COSTO_DEFINITIVO, TIEMPO_OPORTUNO, ID_ALOJAMIENTO, ID_CLIENTE, NUM_PERSONAS) values (20035, 55, '20/8/2018', '18/7/2018', 102307, '2/10/2017', 9, 1020567, 1);
insert into RESERVAS (id, NUM_DIAS, FECHA_INICIO, FECHA_FIN, COSTO_DEFINITIVO, TIEMPO_OPORTUNO, ID_ALOJAMIENTO, ID_CLIENTE, NUM_PERSONAS) values (20036, 86, '20/6/2018', '4/9/2018', 93987, '4/2/2018', 6, 1020567, 1);
insert into RESERVAS (id, NUM_DIAS, FECHA_INICIO, FECHA_FIN, COSTO_DEFINITIVO, TIEMPO_OPORTUNO, ID_ALOJAMIENTO, ID_CLIENTE, NUM_PERSONAS) values (20037, 80, '13/7/2018', '27/6/2018', 96661, '22/1/2018', 4, 1020567, 2);
insert into RESERVAS (id, NUM_DIAS, FECHA_INICIO, FECHA_FIN, COSTO_DEFINITIVO, TIEMPO_OPORTUNO, ID_ALOJAMIENTO, ID_CLIENTE, NUM_PERSONAS) values (20038, 97, '22/8/2018', '19/5/2018', 156945, '17/10/2017', 5, 1020567, 1);
insert into RESERVAS (id, NUM_DIAS, FECHA_INICIO, FECHA_FIN, COSTO_DEFINITIVO, TIEMPO_OPORTUNO, ID_ALOJAMIENTO, ID_CLIENTE, NUM_PERSONAS) values (20039, 41, '10/10/2018', '10/12/2018', 131606, '16/4/2017', 9, 1020567, 1);
insert into RESERVAS (id, NUM_DIAS, FECHA_INICIO, FECHA_FIN, COSTO_DEFINITIVO, TIEMPO_OPORTUNO, ID_ALOJAMIENTO, ID_CLIENTE, NUM_PERSONAS) values (20040, 11, '18/5/2018', '19/10/2018', 67021, '4/4/2017', 6, 1020567, 2);
insert into RESERVAS (id, NUM_DIAS, FECHA_INICIO, FECHA_FIN, COSTO_DEFINITIVO, TIEMPO_OPORTUNO, ID_ALOJAMIENTO, ID_CLIENTE, NUM_PERSONAS) values (20041, 78, '24/6/2018', '10/5/2018', 88509, '5/5/2017', 4, 1020567, 2);
insert into RESERVAS (id, NUM_DIAS, FECHA_INICIO, FECHA_FIN, COSTO_DEFINITIVO, TIEMPO_OPORTUNO, ID_ALOJAMIENTO, ID_CLIENTE, NUM_PERSONAS) values (20042, 57, '11/12/2018', '5/5/2018', 66489, '22/9/2017', 6, 1020567, 1);
insert into RESERVAS (id, NUM_DIAS, FECHA_INICIO, FECHA_FIN, COSTO_DEFINITIVO, TIEMPO_OPORTUNO, ID_ALOJAMIENTO, ID_CLIENTE, NUM_PERSONAS) values (20043, 3, '5/11/2018', '29/9/2018', 193334, '10/8/2017', 5, 1020567, 2);
insert into RESERVAS (id, NUM_DIAS, FECHA_INICIO, FECHA_FIN, COSTO_DEFINITIVO, TIEMPO_OPORTUNO, ID_ALOJAMIENTO, ID_CLIENTE, NUM_PERSONAS) values (20044, 3, '4/7/2018', '2/6/2018', 105167, '29/4/2017', 8, 1020567, 2);
insert into RESERVAS (id, NUM_DIAS, FECHA_INICIO, FECHA_FIN, COSTO_DEFINITIVO, TIEMPO_OPORTUNO, ID_ALOJAMIENTO, ID_CLIENTE, NUM_PERSONAS) values (20045, 98, '17/9/2018', '18/6/2018', 85423, '17/7/2017', 1, 1020567, 1);
insert into RESERVAS (id, NUM_DIAS, FECHA_INICIO, FECHA_FIN, COSTO_DEFINITIVO, TIEMPO_OPORTUNO, ID_ALOJAMIENTO, ID_CLIENTE, NUM_PERSONAS) values (20046, 52, '29/6/2018', '10/10/2018', 195223, '9/2/2018', 2, 1020567, 2);
insert into RESERVAS (id, NUM_DIAS, FECHA_INICIO, FECHA_FIN, COSTO_DEFINITIVO, TIEMPO_OPORTUNO, ID_ALOJAMIENTO, ID_CLIENTE, NUM_PERSONAS) values (20047, 44, '16/7/2018', '11/9/2018', 84014, '23/2/2018', 7, 1020567, 1);
insert into RESERVAS (id, NUM_DIAS, FECHA_INICIO, FECHA_FIN, COSTO_DEFINITIVO, TIEMPO_OPORTUNO, ID_ALOJAMIENTO, ID_CLIENTE, NUM_PERSONAS) values (20048, 98, '15/6/2018', '29/11/2018', 77406, '29/11/2017', 3, 1020567, 2);
insert into RESERVAS (id, NUM_DIAS, FECHA_INICIO, FECHA_FIN, COSTO_DEFINITIVO, TIEMPO_OPORTUNO, ID_ALOJAMIENTO, ID_CLIENTE, NUM_PERSONAS) values (20049, 63, '24/7/2018', '25/11/2018', 178196, '4/2/2018', 8, 1020567, 1);
insert into RESERVAS (id, NUM_DIAS, FECHA_INICIO, FECHA_FIN, COSTO_DEFINITIVO, TIEMPO_OPORTUNO, ID_ALOJAMIENTO, ID_CLIENTE, NUM_PERSONAS) values (20050, 55, '20/8/2018', '15/9/2018', 112324, '13/5/2017', 9, 1020567, 2);
insert into RESERVAS (id, NUM_DIAS, FECHA_INICIO, FECHA_FIN, COSTO_DEFINITIVO, TIEMPO_OPORTUNO, ID_ALOJAMIENTO, ID_CLIENTE, NUM_PERSONAS) values (20051, 84, '13/6/2018', '4/11/2018', 169896, '10/4/2017', 5, 1020567, 2);
insert into RESERVAS (id, NUM_DIAS, FECHA_INICIO, FECHA_FIN, COSTO_DEFINITIVO, TIEMPO_OPORTUNO, ID_ALOJAMIENTO, ID_CLIENTE, NUM_PERSONAS) values (20052, 39, '24/7/2018', '12/8/2018', 142982, '16/9/2017', 2, 1020567, 2);
insert into RESERVAS (id, NUM_DIAS, FECHA_INICIO, FECHA_FIN, COSTO_DEFINITIVO, TIEMPO_OPORTUNO, ID_ALOJAMIENTO, ID_CLIENTE, NUM_PERSONAS) values (20053, 45, '29/8/2018', '25/8/2018', 175324, '17/1/2018', 8, 1020567, 2);
insert into RESERVAS (id, NUM_DIAS, FECHA_INICIO, FECHA_FIN, COSTO_DEFINITIVO, TIEMPO_OPORTUNO, ID_ALOJAMIENTO, ID_CLIENTE, NUM_PERSONAS) values (20054, 43, '23/5/2018', '1/12/2018', 75719, '5/10/2017', 3, 1020567, 1);
insert into RESERVAS (id, NUM_DIAS, FECHA_INICIO, FECHA_FIN, COSTO_DEFINITIVO, TIEMPO_OPORTUNO, ID_ALOJAMIENTO, ID_CLIENTE, NUM_PERSONAS) values (20055, 86, '16/10/2018', '30/5/2018', 193293, '22/2/2018', 5, 1020567, 2);
insert into RESERVAS (id, NUM_DIAS, FECHA_INICIO, FECHA_FIN, COSTO_DEFINITIVO, TIEMPO_OPORTUNO, ID_ALOJAMIENTO, ID_CLIENTE, NUM_PERSONAS) values (20056, 52, '27/6/2018', '8/8/2018', 121195, '21/11/2017', 9, 1020567, 1);
insert into RESERVAS (id, NUM_DIAS, FECHA_INICIO, FECHA_FIN, COSTO_DEFINITIVO, TIEMPO_OPORTUNO, ID_ALOJAMIENTO, ID_CLIENTE, NUM_PERSONAS) values (20057, 65, '30/8/2018', '23/11/2018', 126675, '14/6/2017', 5, 1020567, 1);
insert into RESERVAS (id, NUM_DIAS, FECHA_INICIO, FECHA_FIN, COSTO_DEFINITIVO, TIEMPO_OPORTUNO, ID_ALOJAMIENTO, ID_CLIENTE, NUM_PERSONAS) values (20058, 38, '12/6/2018', '5/6/2018', 37205, '4/12/2017', 2, 1020567, 2);
insert into RESERVAS (id, NUM_DIAS, FECHA_INICIO, FECHA_FIN, COSTO_DEFINITIVO, TIEMPO_OPORTUNO, ID_ALOJAMIENTO, ID_CLIENTE, NUM_PERSONAS) values (20059, 99, '12/12/2018', '11/10/2018', 44783, '1/2/2018', 5, 1020567, 1);
insert into RESERVAS (id, NUM_DIAS, FECHA_INICIO, FECHA_FIN, COSTO_DEFINITIVO, TIEMPO_OPORTUNO, ID_ALOJAMIENTO, ID_CLIENTE, NUM_PERSONAS) values (20060, 89, '31/7/2018', '22/6/2018', 69958, '10/3/2018', 7, 1020567, 2);
insert into RESERVAS (id, NUM_DIAS, FECHA_INICIO, FECHA_FIN, COSTO_DEFINITIVO, TIEMPO_OPORTUNO, ID_ALOJAMIENTO, ID_CLIENTE, NUM_PERSONAS) values (20061, 79, '18/7/2018', '30/7/2018', 137215, '16/12/2017', 7, 1020567, 1);
insert into RESERVAS (id, NUM_DIAS, FECHA_INICIO, FECHA_FIN, COSTO_DEFINITIVO, TIEMPO_OPORTUNO, ID_ALOJAMIENTO, ID_CLIENTE, NUM_PERSONAS) values (20062, 35, '7/7/2018', '13/8/2018', 44912, '15/3/2018', 2, 1020567, 2);
insert into RESERVAS (id, NUM_DIAS, FECHA_INICIO, FECHA_FIN, COSTO_DEFINITIVO, TIEMPO_OPORTUNO, ID_ALOJAMIENTO, ID_CLIENTE, NUM_PERSONAS) values (20063, 64, '21/9/2018', '25/6/2018', 121180, '26/1/2018', 4, 1020567, 1);
insert into RESERVAS (id, NUM_DIAS, FECHA_INICIO, FECHA_FIN, COSTO_DEFINITIVO, TIEMPO_OPORTUNO, ID_ALOJAMIENTO, ID_CLIENTE, NUM_PERSONAS) values (20064, 21, '2/12/2018', '20/6/2018', 147068, '25/10/2017', 3, 1020567, 1);
insert into RESERVAS (id, NUM_DIAS, FECHA_INICIO, FECHA_FIN, COSTO_DEFINITIVO, TIEMPO_OPORTUNO, ID_ALOJAMIENTO, ID_CLIENTE, NUM_PERSONAS) values (20065, 24, '28/5/2018', '6/9/2018', 65499, '14/6/2017', 4, 1020567, 2);
insert into RESERVAS (id, NUM_DIAS, FECHA_INICIO, FECHA_FIN, COSTO_DEFINITIVO, TIEMPO_OPORTUNO, ID_ALOJAMIENTO, ID_CLIENTE, NUM_PERSONAS) values (20066, 45, '12/12/2018', '8/12/2018', 147026, '1/2/2018', 1, 1020567, 2);
insert into RESERVAS (id, NUM_DIAS, FECHA_INICIO, FECHA_FIN, COSTO_DEFINITIVO, TIEMPO_OPORTUNO, ID_ALOJAMIENTO, ID_CLIENTE, NUM_PERSONAS) values (20067, 92, '7/11/2018', '6/7/2018', 59464, '15/10/2017', 3, 1020567, 1);
insert into RESERVAS (id, NUM_DIAS, FECHA_INICIO, FECHA_FIN, COSTO_DEFINITIVO, TIEMPO_OPORTUNO, ID_ALOJAMIENTO, ID_CLIENTE, NUM_PERSONAS) values (20068, 12, '13/6/2018', '7/10/2018', 111937, '28/8/2017', 6, 1020567, 1);
insert into RESERVAS (id, NUM_DIAS, FECHA_INICIO, FECHA_FIN, COSTO_DEFINITIVO, TIEMPO_OPORTUNO, ID_ALOJAMIENTO, ID_CLIENTE, NUM_PERSONAS) values (20069, 82, '8/10/2018', '10/9/2018', 176865, '2/10/2017', 7, 1020567, 2);
insert into RESERVAS (id, NUM_DIAS, FECHA_INICIO, FECHA_FIN, COSTO_DEFINITIVO, TIEMPO_OPORTUNO, ID_ALOJAMIENTO, ID_CLIENTE, NUM_PERSONAS) values (20070, 73, '22/11/2018', '24/11/2018', 98349, '20/10/2017', 1, 1020567, 1);
insert into RESERVAS (id, NUM_DIAS, FECHA_INICIO, FECHA_FIN, COSTO_DEFINITIVO, TIEMPO_OPORTUNO, ID_ALOJAMIENTO, ID_CLIENTE, NUM_PERSONAS) values (20071, 28, '12/6/2018', '14/9/2018', 69377, '23/3/2017', 2, 1020567, 2);
insert into RESERVAS (id, NUM_DIAS, FECHA_INICIO, FECHA_FIN, COSTO_DEFINITIVO, TIEMPO_OPORTUNO, ID_ALOJAMIENTO, ID_CLIENTE, NUM_PERSONAS) values (20072, 93, '30/9/2018', '21/11/2018', 77714, '12/3/2018', 5, 1020567, 2);
insert into RESERVAS (id, NUM_DIAS, FECHA_INICIO, FECHA_FIN, COSTO_DEFINITIVO, TIEMPO_OPORTUNO, ID_ALOJAMIENTO, ID_CLIENTE, NUM_PERSONAS) values (20073, 24, '19/10/2018', '2/9/2018', 97158, '27/9/2017', 6, 1020567, 1);
insert into RESERVAS (id, NUM_DIAS, FECHA_INICIO, FECHA_FIN, COSTO_DEFINITIVO, TIEMPO_OPORTUNO, ID_ALOJAMIENTO, ID_CLIENTE, NUM_PERSONAS) values (20074, 28, '15/9/2018', '20/5/2018', 139502, '6/8/2017', 5, 1020567, 2);
insert into RESERVAS (id, NUM_DIAS, FECHA_INICIO, FECHA_FIN, COSTO_DEFINITIVO, TIEMPO_OPORTUNO, ID_ALOJAMIENTO, ID_CLIENTE, NUM_PERSONAS) values (20075, 100, '13/9/2018', '28/9/2018', 44696, '25/10/2017', 1, 1020567, 2);
insert into RESERVAS (id, NUM_DIAS, FECHA_INICIO, FECHA_FIN, COSTO_DEFINITIVO, TIEMPO_OPORTUNO, ID_ALOJAMIENTO, ID_CLIENTE, NUM_PERSONAS) values (20076, 26, '16/12/2018', '30/9/2018', 115282, '26/2/2018', 3, 1020567, 2);
insert into RESERVAS (id, NUM_DIAS, FECHA_INICIO, FECHA_FIN, COSTO_DEFINITIVO, TIEMPO_OPORTUNO, ID_ALOJAMIENTO, ID_CLIENTE, NUM_PERSONAS) values (20077, 59, '9/9/2018', '6/5/2018', 153728, '12/11/2017', 3, 1020567, 1);
insert into RESERVAS (id, NUM_DIAS, FECHA_INICIO, FECHA_FIN, COSTO_DEFINITIVO, TIEMPO_OPORTUNO, ID_ALOJAMIENTO, ID_CLIENTE, NUM_PERSONAS) values (20078, 44, '22/7/2018', '5/9/2018', 69192, '8/8/2017', 4, 1020567, 1);


-----------

insert into SERVICIOS_OFRECIDOS (ID_ALOJAMIENTO, ID_SERVICIO) values (10, 3);
insert into SERVICIOS_OFRECIDOS (ID_ALOJAMIENTO, ID_SERVICIO) values (5, 2);
insert into SERVICIOS_OFRECIDOS (ID_ALOJAMIENTO, ID_SERVICIO) values (6, 3);
insert into SERVICIOS_OFRECIDOS (ID_ALOJAMIENTO, ID_SERVICIO) values (9, 2);
insert into SERVICIOS_OFRECIDOS (ID_ALOJAMIENTO, ID_SERVICIO) values (2, 4);
insert into SERVICIOS_OFRECIDOS (ID_ALOJAMIENTO, ID_SERVICIO) values (1, 3);
insert into SERVICIOS_OFRECIDOS (ID_ALOJAMIENTO, ID_SERVICIO) values (4, 1);
insert into SERVICIOS_OFRECIDOS (ID_ALOJAMIENTO, ID_SERVICIO) values (9, 1);
insert into SERVICIOS_OFRECIDOS (ID_ALOJAMIENTO, ID_SERVICIO) values (7, 1);
insert into SERVICIOS_OFRECIDOS (ID_ALOJAMIENTO, ID_SERVICIO) values (3, 4);
insert into SERVICIOS_OFRECIDOS (ID_ALOJAMIENTO, ID_SERVICIO) values (1, 1);
--insert into SERVICIOS_OFRECIDOS (ID_ALOJAMIENTO, ID_SERVICIO) values (6, 3);
--insert into SERVICIOS_OFRECIDOS (ID_ALOJAMIENTO, ID_SERVICIO) values (8, 4);
--insert into SERVICIOS_OFRECIDOS (ID_ALOJAMIENTO, ID_SERVICIO) values (9, 2);
insert into SERVICIOS_OFRECIDOS (ID_ALOJAMIENTO, ID_SERVICIO) values (10, 4);

Insert into RESERVAS(ID,NUM_DIAS,FECHA_INICIO,FECHA_FIN,NUM_PERSONAS,COSTO_DEFINITIVO,TIEMPO_OPORTUNO,ID_ALOJAMIENTO,ID_CLIENTE,TERMINADA)
values('208','5','30/08/18','04/09/18','2','85000,12','27/08/18','1','1020567','T');

Insert into RESERVAS(ID,NUM_DIAS,FECHA_INICIO,FECHA_FIN,NUM_PERSONAS,COSTO_DEFINITIVO,TIEMPO_OPORTUNO,ID_ALOJAMIENTO,ID_CLIENTE,TERMINADA)
values('209','2','20/10/18','22/10/18','1','45000,12','17/10/18','2','1020567','T');

Insert into RESERVAS(ID,NUM_DIAS,FECHA_INICIO,FECHA_FIN,NUM_PERSONAS,COSTO_DEFINITIVO,TIEMPO_OPORTUNO,ID_ALOJAMIENTO,ID_CLIENTE,TERMINADA)
values('210','30','20/10/18','20/11/18','1','450000','13/10/18','4','1101567896','T');


Insert into RESERVAS(ID,NUM_DIAS,FECHA_INICIO,FECHA_FIN,NUM_PERSONAS,COSTO_DEFINITIVO,TIEMPO_OPORTUNO,ID_ALOJAMIENTO,ID_CLIENTE,TERMINADA)
values('211','3','20/10/18','24/11/18','3','4509000','13/10/18','7','1101567896','T');


